Twitter_handle,User_id,_id
Megadeth,21163600,64484022a31bb566f49c7cd1
JulenBollain,314070500,6448404fa31bb566f49c7cd2
Iker_Zubi,341635949,6448408ba31bb566f49c7cd3
Indiana_jone,130120718,6448409fa31bb566f49c7cd4
somalojoven12,457603518,644840a3a31bb566f49c7cd5
ClubAtalaya,476924562,644840a6a31bb566f49c7cd6
AndreaLlano6,828907279189696512,644840aba31bb566f49c7cd7
Jodabusta,1175568962,644840b1a31bb566f49c7cd8
MichaelPhelps,225539878,644840c1a31bb566f49c7cd9
AntoGriezmann,950341134,644840d4a31bb566f49c7cda
JackMasseyWelsh,457652659,644840e5a31bb566f49c7cdb
SammieJack3,1405891283613327366,644840efa31bb566f49c7cdc
JackMedia7,1541030615394521091,64484105a31bb566f49c7cdd
KinkyGirl28,1575585607551688727,6448410aa31bb566f49c7cde
xFertxu,2498770207,6448412aa31bb566f49c7cdf
abarandika,391527217,64484130a31bb566f49c7ce0
gorkazar,292992993,6448413aa31bb566f49c7ce1
GorkaPuente,44846294,64484140a31bb566f49c7ce2
getmanfred,849647395545776128,64484146a31bb566f49c7ce3
TatianaGolovin6,1358753341807992832,64484160a31bb566f49c7ce4
JillLWWest,1520119761522225152,64484164a31bb566f49c7ce5
AlMansourMohd57,1455600229424803853,64484177a31bb566f49c7ce6
iasip2,1376481384110428161,6448417ca31bb566f49c7ce7
peachior,3163233433,64484193a31bb566f49c7ce8
Cristiano,155659213,644841a0a31bb566f49c7ce9
DahliaBat,1030256965811888130,644841eda31bb566f49c7cea
CynthiaHijar,3174258001,644841f1a31bb566f49c7ceb
VocesFeminista,4326313872,644841f9a31bb566f49c7cec
tapairportugal,107472906,64484209a31bb566f49c7ced
joao,5394,64484230a31bb566f49c7cee
blogdansanttos,1484356701813817347,64484247a31bb566f49c7cef
Sheila188827761,1636439030702194711,6448424ca31bb566f49c7cf0
rodenasink,424089965,64484298a31bb566f49c7cf1
JEANACER0,288365566,6448429ca31bb566f49c7cf2
LadyJustice24,127733165,644842a3a31bb566f49c7cf3
oswaldo42,83160281,644842a9a31bb566f49c7cf4
ccaneloa,594752109,644842eea31bb566f49c7cf5
CARRLOS7_,717354559522344964,644842f8a31bb566f49c7cf6
joao_prm,2148853526,6448431ba31bb566f49c7cf7
oliviergantois,263058349,64484339a31bb566f49c7cf8
djoliverschmitz,403691597,64484344a31bb566f49c7cf9
sacha09,14801746,6448435aa31bb566f49c7cfa
Manuel_Neuer,1269425228,64484377a31bb566f49c7cfb
RSprachrohr,173813231,64484389a31bb566f49c7cfc
Sil_Rammstein,192414897,644843ada31bb566f49c7cfd
hefookinleft,1365753943616282631,644843b8a31bb566f49c7cfe
Rote_Teufel,54484183,644843efa31bb566f49c7cff
fsv_frankfurt,96976098,644843f3a31bb566f49c7d00
esmuellert_,1670174994,6448441aa31bb566f49c7d01
ToniKroos,330446733,6448441fa31bb566f49c7d02
MarceloM12,932429090,64484428a31bb566f49c7d03
julen_andoni,923280229,6448446ba31bb566f49c7d04
AntonioAlberite,1002492536,64484473a31bb566f49c7d05
MuellerTimo,556294722,64484500a31bb566f49c7d06
JeanFra83719324,717703698609213440,6448452ca31bb566f49c7d07
brule_aurelien,1148645491204382720,64484551a31bb566f49c7d08
Aurelien_Delbey,1223440424,6448455da31bb566f49c7d09
aurellebg,107095798,64484564a31bb566f49c7d0a
EmmanuelMacron,1976143068,644845b3a31bb566f49c7d0b
elonmusk,44196397,644845b7a31bb566f49c7d0c
alo_oficial,507672047,644845bea31bb566f49c7d0d
ceciarmy,1050810570570649601,644845c2a31bb566f49c7d0e
MicrosoftES,106144676,644845fba31bb566f49c7d0f
TwitterEspana,1347756012,64484604a31bb566f49c7d10
TwitterLive,130649891,64484615a31bb566f49c7d11
carlosalcaraz,1216633327156965376,6452d02aa07559e373a75a1c
janniksin,1167868842489651200,6452d04da07559e373a75a1d
TwitterDev,2244994945,645d18f2cde4f94fabb6098c
aimarko69,827228730,645fdfa921bfefe971922932
Fernanusky,1643261110030573569,645fdfad21bfefe971922933
mosteirocarlos1,1566053390911770625,645fdfb421bfefe971922934
Andoni765728251,1597679305320026112,645fdfb721bfefe971922935
Captain_Vivian,1563568833621012480,645fdfbb21bfefe971922936
UriartezATH,1540638976092020736,645fdfc121bfefe971922937
433bilbao,1379362422788608001,645fdfc421bfefe971922938
NoSmokeSport,1621653567588241408,645fdfd221bfefe971922939
EverythingBoxi2,1295877567703134208,645fdfe121bfefe97192293a
FulhamFC,22903812,645fdff221bfefe97192293b
jimstewartson,256154569,645fe00f21bfefe97192293c
AmoneyResists,739844197935644672,645fe01221bfefe97192293d
DashDobrofsky,1520612280643162112,645fe01621bfefe97192293e
Victorshi2020,1084468387491790848,645fe01921bfefe97192293f
JoJoFromJerz,818893114979061761,645fe02021bfefe971922940
MaryLTrump,1045110787,645fe02321bfefe971922941
PeteButtigieg,226222147,645fe02621bfefe971922942
nachxdeu,711179322564984832,645fe06421bfefe971922943
darrenforme,21879220,645fe08221bfefe971922944
xpression_app,1000336253143863296,645fe09721bfefe971922945
kingshattaba,1454064313640046594,645fe0ad21bfefe971922946
cryppto1000x,238002068,645fe0b321bfefe971922947
BeckyOkojie1,923263323499585536,645fe0bc21bfefe971922948
wooah_pics,1397428581136015363,645fe0c521bfefe971922949
ifihadastarfor1,4724938103,645fe0d021bfefe97192294a